{
  "message": "success",
  "people": [
    {
      "name": "Jasmin Moghbeli",
      "craft": "ISS"
    },
    {
      "name": "Andreas Mogensen",
      "craft": "ISS"
    },
    {
      "name": "Satoshi Furukawa",
      "craft": "ISS"
    },
    {
      "name": "Konstantin Borisov",
      "craft": "ISS"
    },
    {
      "name": "Oleg Kononenko",
      "craft": "ISS"
    },
    {
      "name": "Nikolai Chub",
      "craft": "ISS"
    },
    {
      "name": "Loral O'Hara",
      "craft": "ISS"
    }
  ],
  "number": 7
}
